{"cameraMode":{"drawMode":0,"name":"Shaded","section":"Shading Mode"},"sceneLighting":true,"audioPlay":false,"sceneViewState":{"m_AlwaysRefresh":false,"showFog":true,"showSkybox":true,"showFlares":true,"showImageEffects":true,"showParticleSystems":true,"showVisualEffectGraphs":true,"m_FxEnabled":true},"in2DMode":false,"pivot":{"x":444.4919738769531,"y":84.53328704833985,"z":-12.949478149414063},"rotation":{"x":0.02730606123805046,"y":0.004493969026952982,"z":-0.0001226361346198246,"w":0.9996188879013062},"size":124.1399917602539,"orthographic":false}